stream_id,panel_name,name,country,language,genre,tvg_id,id_via,id_score,tvg_logo,logo_via,guide_sites,unresolved_reason,note
"129","Arena Sport 1 (720p)","Arena Sport 1","BA","","Sports","ArenaSport1.ba","exact","1","https://i.imgur.com/RJrJGbW.png","id","tvprofil.com","",""
"130","Arena Sport 3 BA (1080p)","Arena Sport 3 BA (1080p)","BA","","Sports","","","","","","","no-match",""
"44","BeIN SPORTS XTRA (1080p) [Geo-blocked]","beIN SPORTS XTRA","AU","","Sports","beINSPORTSXTRA.us","exact","1","https://i.ibb.co/HT49GPmB/XTRA-2.png","id","beinsports.com i.mjh.nz plex.tv tvtv.us xumo.tv","",""
"83","Leaderboard Sports News (1080p)","Leaderboard Sports News (1080p)","AU","","Sports","","","","","","","no-match",""
"31","3 Tamil TV (720p) [Not 24/7]","3 Tamil TV","AU","","24/7 Series","3TamilTV.au","exact","1","https://yt3.googleusercontent.com/ytc/AIdro_nZG4BRWT5t0eCtM-SFVh0JMexLekw0evo-J4_S8Bw3YA=s512-c-k-c0x00ffffff-no-rj","id","","",""
"16","Klasik TV (576p) [Not 24/7]","Klasik","HR","","24/7 Series","Klasik.hr","exact","1","https://i.imgur.com/C90BYlb.png","id","neo.io tv.magenta.at tv2go.t-2.net tvprofil.com","",""
"136","Malta (720p) [Not 24/7]","Malta (720p) [Not 24 7]","BA","","24/7 Series","","","","","","","no-match",""
"18","OTV (720p) [Not 24/7]","OTV","HR","","24/7 Series","OTV.hr","exact","1","https://i.imgur.com/67zVdu2.png","id","tv2go.t-2.net","",""
"21","Radio Televizija Banovina (1080p) [Not 24/7]","Radio Televizija Banovina","HR","","24/7 Series","RadioTelevizijaBanovina.hr","exact","1","https://i.imgur.com/gCFgC5D.png","id","","",""
"148","RTRS Plus (576p) [Not 24/7]","RTRS plus","BA","","24/7 Series","RTRSplus.ba","exact","1","https://i.imgur.com/k06WvYl.png","id","tv.blue.ch tvprofil.com","",""
"149","RTRS TV (576p) [Not 24/7]","RTRS TV","BA","","24/7 Series","RTRSTV.ba","exact","1","https://i.imgur.com/2Sgs5gM.png","id","neo.io tv.blue.ch tv2go.t-2.net","",""
"22","SBTV (1080p) [Not 24/7]","SBTV","HR","","24/7 Series","SBTV.hr","exact","1","https://i.imgur.com/MIampxZ.png","id","","",""
"23","TV Jadran (720p) [Not 24/7]","TV Jadran","HR","","24/7 Series","TVJadran.hr","exact","1","https://i.imgur.com/UWMHnOG.png","id","neo.io tv2go.t-2.net","",""
"153","TV Slon Extra (1080p) [Not 24/7]","TV Slon Extra","BA","","24/7 Series","TVSlonExtra.ba","exact","1","https://i.imgur.com/AohYgH1.png","id","ipko.tv neo.io tv2go.t-2.net","",""
"25","TV Zapad (1080p) [Not 24/7]","TV Zapad","HR","","24/7 Series","TVZapad.hr","exact","1","https://i.imgur.com/cgCeX12.png","id","","",""
"26","TV Zapad (1080p) [Not 24/7]","TV Zapad","HR","","24/7 Series","TVZapad.hr","exact","1","https://i.imgur.com/cgCeX12.png","id","","",""
"127","Al Jazeera Balkans (1080p)","Al Jazeera Balkans (1080p)","BA","","News","","","","","","","no-match",""
"128","Al Jazeera Balkans (1080p)","Al Jazeera Balkans (1080p)","BA","","News","","","","","","","no-match",""
"41","BBC News Asia Pacific (720p)","BBC News Asia Pacific (720p)","","","News","","","","https://i.imgur.com/REuN9RR.png","given","","no-match",""
"42","BBC News Asia Pacific (720p)","BBC News Asia Pacific (720p)","","","News","","","","https://i.imgur.com/REuN9RR.png","given","","no-match",""
"46","Breaking News by LeadStory (1080p)","Breaking News By Lead Story (1080p)","AU","","News","","","","","","","no-match",""
"47","CTB Perth News (720p)","CTB Perth News (720p)","AU","","News","","","","","","","no-match",""
"61","Euronews French HD","Euronews French","AU","","News","EuronewsFrench.fr","exact","1","https://i.imgur.com/8t9mdg9.png","given","canalplus.com chaines-tv.orange.fr i.mjh.nz pickx.be plex.tv programme-tv.net teleboy.ch telenet.tv tv-programme.telecablesat.fr tv.blue.ch tv.post.lu tv.sfr.fr tvcesoir.fr tvpassport.com tvtv.us watch.whaletvplus.com","",""
"68","GB News (1080p)","GB News","AU","","News","GBNews.uk","exact","1","https://upload.wikimedia.org/wikipedia/en/thumb/3/35/GB_News_Logo.svg/960px-GB_News_Logo.svg.png","id","freeview.co.uk i.mjh.nz mytelly.co.uk player.ee.co.uk plex.tv sky.com tv.blue.ch tv24.co.uk tvireland.ie virgintvgo.virginmedia.com","",""
"145","N1 BIH","N1","BA","","News","N1.ba","exact","1","https://www.lyngsat.com/logo/tv/nn/n1_rs.png","given","tvprofil.com","",""
"73","History and Warfare Now (1080p)","History And Warfare Now (1080p)","AU","","Documentary","","","","","","","no-match",""
"97","PBS Antiques Road Trip (1080p)","PBS Antiques Road Trip (1080p)","AU","","Documentary","","","","","","","no-match",""
"98","PBS History (1080p)","PBS History (1080p)","AU","","Documentary","","","","","","","no-match",""
"99","PBS Science (1080p)","PBS Science (1080p)","AU","","Documentary","","","","","","","no-match",""
"1","Bravo! Kids TV (1080p)","Bravo! Kids TV","HR","","Reality","BravoKidsTV.hr","exact","1","https://i.imgur.com/JcJ6fQ9.png","id","","",""
"2","Bravo! Kids TV (1080p)","Bravo! Kids TV","HR","","Reality","BravoKidsTV.hr","exact","1","https://i.imgur.com/JcJ6fQ9.png","id","","",""
"3","Bravo! TV (1080p)","Bravo! TV","HR","","Reality","BravoTV.hr","exact","1","https://i.imgur.com/FN2J9hv.png","id","","",""
"152","TNT Kids (288p)","TNT Kids TV","BA","","Kids","TNTKidsTV.ba","exact","1","https://i.imgur.com/irTDbpn.png","id","","",""
"111","Shalom World Australia (1080p)","Shalom World Australia (1080p)","AU","","Religion","","","","https://i.imgur.com/wnNd3b8.png","given","","no-match",""
"112","Shalom World Prayer (1080p)","Shalom World Prayer","AU","","Religion","ShalomWorldPrayer.us","exact","1","https://i.imgur.com/uUrTto3.png","given","","",""
"116","TBN Inspire","TBN Inspire","AU","","Religion","TBNInspire.us","exact","1","https://i.imgur.com/GSM0Pkr.png","given","tvtv.us","",""
"39","Action Hollywood Movies (1080p)","Action Hollywood Movies (1080p)","AU","","Movies","","","","","","","no-match",""
"49","CTB Perth Movies (720p)","CTB Perth Movies Channel","AU","","Movies","CTBPerthMoviesChannel.au","exact","1","https://i.imgur.com/VB8gtCy.jpeg","given","","",""
"89","MyTime Movie Network (1080p)","My Time Movie Network (1080p)","AU","","Movies","","","","https://i.imgur.com/aiGQtzI.png","name","","ambiguous",""
"65","Folk Klub (720p)","Folk Klub TV","AU","","Music","FolkKlubTV.au","exact","1","https://i.imgur.com/Seq7Od7.png","given","","",""
"77","INTV Australia (720p)","INTV Australia","AU","","Music","INTVAustralia.au","exact","1","https://i.imgur.com/1nJl0Pv.png","given","","",""
"192","TV Arbëria Retro Hits (720p)","TV Arberia Retro Hits","XK","","Music","TVArberiaRetroHits.xk","exact","1","https://i.imgur.com/zLRzyVS.png","id","","",""
"27","10 Bold (720p) [Geo-blocked]","10 Bold","AU","","Entertainment","10Bold.au","exact","1","https://i.imgur.com/2xglh33.png","id","i.mjh.nz","",""
"28","10 Bold Adelaide (1080p)","10 Bold Adelaide (1080p)","AU","","Entertainment","","","","","","","no-match",""
"29","10 Peach (720p) [Geo-blocked]","10 Peach","AU","","Entertainment","10Peach.au","exact","1","https://upload.wikimedia.org/wikipedia/en/thumb/d/d8/10_Peach_logo_2018.svg/960px-10_Peach_logo_2018.svg.png","id","i.mjh.nz","",""
"156","21 Junior (1080i)","21 Junior","XK","","Entertainment","21Junior.xk","exact","1","https://i.imgur.com/70Czvgc.png","id","ipko.tv","",""
"157","21 Mix (1080i)","21 Mix","XK","","Entertainment","21Mix.xk","exact","1","https://i.imgur.com/vvvmqYn.png","id","ipko.tv","",""
"158","21 Plus (1080i)","21 Plus","XK","","Entertainment","21Plus.xk","exact","1","https://i.imgur.com/noOxd1n.png","id","ipko.tv","",""
"159","21 Popullore (576i)","21 Popullore","XK","","Entertainment","21Popullore.xk","exact","1","https://i.imgur.com/qjWaERN.png","id","ipko.tv","",""
"30","3AW Melbourne (1080p)","3AW Melbourne (1080p)","AU","","Entertainment","","","","","","","no-match",""
"32","8 Out of 10 Cats (1080p) [Geo-blocked]","8 Out Of 10 Cats","AU","","Entertainment","8OutOf10Cats.uk","exact","1","https://upload.wikimedia.org/wikipedia/en/thumb/6/66/8_out_of_10_acts.png/250px-8_out_of_10_acts.png","id","","",""
"34","9Gem (720p) [Geo-blocked]","9Gem","AU","","Entertainment","9Gem.au","exact","1","https://i.imgur.com/cwLzqaw.png","id","i.mjh.nz ontvtonight.com","",""
"33","9Go! (720p) [Geo-blocked]","9Go!","AU","","Entertainment","9Go.au","exact","1","https://i.imgur.com/RLijQI8.png","id","i.mjh.nz ontvtonight.com","",""
"35","9Life (720p) [Geo-blocked]","9Life","AU","","Entertainment","9Life.au","exact","1","https://i.imgur.com/HlJOrGI.png","id","i.mjh.nz ontvtonight.com","",""
"36","9Rush (720p) [Geo-blocked]","9Rush","AU","","Entertainment","9Rush.au","exact","1","https://upload.wikimedia.org/wikipedia/en/c/c2/Logo_of_9RUSH.png","id","i.mjh.nz ontvtonight.com","",""
"37","ABC Australia","ABC Australia","AU","","Entertainment","ABCAustralia.au","exact","1","https://i.imgur.com/qQ33TVM.png","id","cubmu.com maxstream.tv mncvision.id nowplayer.now.com ontvtonight.com singtel.com starhubtvplus.com tataplay.com vidio.com visionplus.id","",""
"38","ABC Australia Vietnam (1080p)","ABC Australia Vietnam (1080p)","AU","","Entertainment","","","","","","","no-match",""
"40","Anger Management Channel (1080p)","Anger Management Channel","AU","","Entertainment","AngerManagementChannel.us","exact","1","https://i.imgur.com/VXZgrNy.png","id","i.mjh.nz plex.tv xumo.tv","",""
"160","ATV Live (1080p)","ATV","XK","","Entertainment","ATV.xk","exact","1","https://i.imgur.com/lX6sekx.png","id","ipko.tv tv.blue.ch","",""
"43","Baywatch (1080p)","Baywatch","AU","","Entertainment","Baywatch.us","exact","1","https://i.imgur.com/c2esKHg.png","id","i.mjh.nz plex.tv xumo.tv","",""
"131","BHT 1 (720p)","BHT 1","BA","","Entertainment","BHT1.ba","exact","1","https://i.imgur.com/LEwlEEE.png","id","neo.io tv2go.t-2.net","",""
"132","BN TV (480p)","BN TV","BA","","Entertainment","BNTV.ba","exact","1","https://i.imgur.com/DUBvfWb.png","id","m.tv.sms.cz neo.io tv.blue.ch","",""
"45","Bondi Vet (720p)","Bondi Vet (720p)","AU","","Entertainment","","","","","","","no-match",""
"51","Channel 10 (720p) [Geo-blocked]","10","AU","","Entertainment","10.au","exact","1","https://static.wikia.nocookie.net/logopedia/images/0/06/Network_10_2018.svg/revision/latest/scale-to-width-down/512","id","i.mjh.nz ontvtonight.com","",""
"50","Channel 7 (720p) [Geo-blocked]","Channel 7","AU","","Entertainment","Channel7.au","exact","1","https://upload.wikimedia.org/wikipedia/commons/thumb/5/55/Seven_Network_logo.svg/500px-Seven_Network_logo.svg.png","id","i.mjh.nz ontvtonight.com","",""
"52","Channel 9 Adelaide (720p) [Geo-blocked]","Channel 9 Adelaide (720p) [Geo Blocked]","AU","","Entertainment","","","","","","","no-match",""
"53","Channel 9 Brisbane (720p) [Geo-blocked]","Channel 9 Brisbane (720p) [Geo Blocked]","AU","","Entertainment","","","","","","","no-match",""
"54","Channel 9 Melbourne (720p) [Geo-blocked]","Channel 9 Melbourne (720p) [Geo Blocked]","AU","","Entertainment","","","","","","","no-match",""
"55","Channel 9 Melbourne (720p) [Geo-blocked]","Channel 9 Melbourne (720p) [Geo Blocked]","AU","","Entertainment","","","","https://i.imgur.com/3TtrobL.png","given","","no-match",""
"56","Channel 9 Perth (720p) [Geo-blocked]","Channel 9 Perth (720p) [Geo Blocked]","AU","","Entertainment","","","","","","","no-match",""
"57","Channel 9 Sydney (720p) [Geo-blocked]","Channel 9 Sydney (720p) [Geo Blocked]","AU","","Entertainment","","","","","","","no-match",""
"58","Channel 9 Sydney (720p) [Geo-blocked]","Channel 9 Sydney (720p) [Geo Blocked]","AU","","Entertainment","","","","https://i.imgur.com/3TtrobL.png","given","","no-match",""
"6","CMC TV (1080p)","CMC TV","HR","","Entertainment","CMCTV.hr","exact","1","https://i.imgur.com/FCb7Ag2.png","id","neo.io tv.blue.ch tv2go.t-2.net","",""
"48","CTB Perth (720p)","CTB Perth","AU","","Entertainment","CTBPerth.au","exact","1","https://i.imgur.com/VB8gtCy.jpeg","given","","",""
"59","Deal or No Deal (1080p)","Deal or No Deal","AU","","Entertainment","DealorNoDeal.us","exact","1","https://i.imgur.com/lZvNXA1.png","id","i.mjh.nz plex.tv pluto.tv xumo.tv","",""
"4","Diadora TV","Diadora TV","HR","","Entertainment","DiadoraTV.hr","exact","1","https://i.imgur.com/qZzsASl.png","id","","",""
"60","Don't Tell The Bride (1080p)","Don't Tell The Bride","AU","","Entertainment","DontTellTheBride.uk","exact","1","https://i.imgur.com/h0bc3Fa.png","id","i.mjh.nz plex.tv","",""
"62","Dry Bar Comedy (720p)","Dry Bar Comedy (720p)","AU","","Entertainment","","","","","","","no-match",""
"5","Extra TV (1080p)","Extra TV","HR","","Entertainment","ExtraTV.hr","exact","1","https://i.imgur.com/5edYPBO.png","id","","",""
"7","Extra TV (1080p)","Extra TV","HR","","Entertainment","ExtraTV.hr","exact","1","https://i.imgur.com/5edYPBO.png","id","","",""
"63","Failarmy International (720p)","Failarmy International (720p)","AU","","Entertainment","","","","","","","no-match",""
"64","Fear Factor (1080p)","Fear Factor","AU","","Entertainment","FearFactor.us","exact","1","https://i.imgur.com/CIYnLWz.png","id","i.mjh.nz plex.tv xumo.tv","",""
"66","Four in a Bed (720p)","Four In A Bed (720p)","AU","","Entertainment","","","","","","","no-match",""
"67","Fuel TV (1080p)","FUEL TV","AU","","Entertainment","FUELTV.pt","exact","1","https://i.imgur.com/I8mviBy.png","id","distro.tv i.mjh.nz nostv.pt plex.tv watch.whaletvplus.com","",""
"69","Ghost Hunters (1080p)","Ghost Hunters","AU","","Entertainment","GhostHunters.us","exact","1","https://i.imgur.com/KdBr6rG.png","id","i.mjh.nz plex.tv pluto.tv xumo.tv","",""
"70","Haunt TV (1080p)","HauntTV","AU","","Entertainment","HauntTV.ca","exact","1","https://haunt-tv.com/wp-content/uploads/2022/09/haunt-tv-logo.png","id","i.mjh.nz plex.tv xumo.tv","",""
"71","Hell's Kitchen (1080p)","Hell's Kitchen","AU","","Entertainment","HellsKitchen.us","exact","1","https://i.imgur.com/P9eT0O9.png","id","i.mjh.nz plex.tv pluto.tv xumo.tv","",""
"72","Highway Thru Hell (1080p)","Highway Thru Hell (1080p)","AU","","Entertainment","","","","","","","no-match",""
"74","Homeful (1080p)","Homeful","AU","","Entertainment","Homeful.ca","exact","1","https://www.homefultv.com/wp-content/uploads/2023/03/Homeful_Logo_MintWhite.png","id","i.mjh.nz plex.tv xumo.tv","",""
"75","Homes Under The Hammer (720p)","Homes Under The Hammer (720p)","AU","","Entertainment","","","","","","","no-match",""
"8","HRT 1 (720p)","HRT 1","HR","","Entertainment","HRT1.hr","exact","1","https://upload.wikimedia.org/wikipedia/commons/1/1f/HRT1-logo.png","id","m.tv.sms.cz neo.io tv.blue.ch tv.magenta.at tv.nu tv24.se tv2go.t-2.net","",""
"9","HRT 1 HD (1080p)","HRT 1","HR","","Entertainment","HRT1.hr","exact","1","https://upload.wikimedia.org/wikipedia/commons/1/1f/HRT1-logo.png","id","m.tv.sms.cz neo.io tv.blue.ch tv.magenta.at tv.nu tv24.se tv2go.t-2.net","",""
"10","HRT 2 (720p)","HRT 2","HR","","Entertainment","HRT2.hr","exact","1","https://i.imgur.com/yyePcl1.png","id","m.tv.sms.cz neo.io tv2go.t-2.net tvprofil.com","",""
"11","HRT 2 HD (1080p)","HRT 2","HR","","Entertainment","HRT2.hr","exact","1","https://i.imgur.com/yyePcl1.png","id","m.tv.sms.cz neo.io tv2go.t-2.net tvprofil.com","",""
"12","HRT 3 (720p)","HRT 3","HR","","Entertainment","HRT3.hr","exact","1","https://i.imgur.com/4OrOJRx.png","id","m.tv.sms.cz neo.io","",""
"13","HRT 3 HD (720p)","HRT 3","HR","","Entertainment","HRT3.hr","exact","1","https://i.imgur.com/4OrOJRx.png","id","m.tv.sms.cz neo.io","",""
"14","HRT 4 HD (720p)","HRT 4","HR","","Entertainment","HRT4.hr","exact","1","https://i.imgur.com/VcNrY0m.png","id","m.tv.sms.cz tv.blue.ch tvprofil.com","",""
"80","Indo Oz TV (720p)","Indo Oz TV","AU","","Entertainment","IndoOzTV.au","exact","1","https://i.imgur.com/4LECwDh.png","id","","",""
"76","INFAST (1080p)","INFAST","AU","","Entertainment","INFAST.nl","exact","1","https://cdn.uc.assets.prezly.com/1b9c9500-cb43-449b-9eb6-9579640ec904/InFast_portrait-red.png","id","plex.tv watch.whaletvplus.com","",""
"81","Inside Outside (720p)","Inside Outside (720p)","AU","","Entertainment","","","","","","","no-match",""
"79","InWonder (1080p)","InWonder","AU","","Entertainment","InWonder.nl","exact","1","https://cdn.uc.assets.prezly.com/1e0b2617-b145-4489-9d63-ba8438489f26/InWonder_portrait-black.png","id","i.mjh.nz plex.tv watch.whaletvplus.com","",""
"161","Istogu Channel (1080i)","Istogu Channel","XK","","Entertainment","IstoguChannel.xk","exact","1","https://i.imgur.com/3vUkFsT.jpg","id","","",""
"78","ITV Choice (1080p) [Geo-blocked]","ITV Choice (1080p) [Geo Blocked]","AU","","Entertainment","","","","","","","no-match",""
"133","J.E.K.A. Muzzik (720p)","JEKA","BA","","Entertainment","JEKA.rs","exact","1","https://i.imgur.com/5Y5NAEF.png","id","","",""
"162","Kanal 10 (1080i)","Kanal 10","XK","","Entertainment","Kanal10.xk","exact","1","https://i.imgur.com/xBc6gou.png","id","ipko.tv","",""
"134","Kanal 6 (288p)","Kanal 6","BA","","Entertainment","Kanal6.ba","exact","1","https://i.imgur.com/GGhvR0l.png","id","","",""
"82","Kartoon Channel (1080p)","Kartoon Channel!","AU","","Entertainment","KartoonChannel.us","exact","1","https://i.imgur.com/1luzP3T.png","id","i.mjh.nz mewatch.sg pluto.tv","",""
"15","Klape i Tambure TV (1080p)","Klape i Tambure TV","HR","","Entertainment","KlapeiTambureTV.hr","exact","1","https://i.imgur.com/sKj3dgc.png","id","neo.io","",""
"163","Kohavision","Kohavision","XK","","Entertainment","Kohavision.xk","exact","1","https://i.imgur.com/LOi9yma.png","id","ipko.tv tv.blue.ch tvim.tv","",""
"164","Kohavision (1080i)","Kohavision","XK","","Entertainment","Kohavision.xk","exact","1","https://i.imgur.com/LOi9yma.png","id","ipko.tv tv.blue.ch tvim.tv","",""
"165","Kohavision (1080p)","Kohavision","XK","","Entertainment","Kohavision.xk","exact","1","https://i.imgur.com/LOi9yma.png","id","ipko.tv tv.blue.ch tvim.tv","",""
"17","Libertas TV (1080p)","Libertas TV","HR","","Entertainment","LibertasTV.hr","exact","1","https://i.imgur.com/4R4fhbd.png","id","","",""
"84","Life Downunder (720p)","Life Downunder (720p)","AU","","Entertainment","","","","","","","no-match",""
"86","MagellanTV Now (1080p)","MagellanTV Now","AU","","Entertainment","MagellanTVNow.us","exact","1","https://i.imgur.com/gEraSp5.png","id","i.mjh.nz","",""
"137","María+Visión Medjugorje (720p)","Maria+Vision Medjugorje","BA","","Entertainment","MariaPlusVisionMedjugorje.ba","exact","1","https://i.imgur.com/xUOspBx.png","id","","",""
"87","MovieSphere (1080p)","MovieSphere","AU","","Entertainment","MovieSphere.us","exact","1","https://i.imgur.com/0sfk3yp.png","id","i.mjh.nz plex.tv pluto.tv xumo.tv","",""
"88","Mr. Bean Animated (1080p)","Mr Bean Animated","AU","","Entertainment","MrBeanAnimated.uk","exact","1","https://static.wikia.nocookie.net/logopedia/images/2/25/Mr._Bean_Animated_Series_stacked_logo.png","id","i.mjh.nz plex.tv","",""
"85","MTRSPT 1 (1080p)","MTRSPT1","AU","","Entertainment","MTRSPT1.us","exact","1","https://i.imgur.com/Rb1H5cV.png","id","","",""
"135","MUZZIK (720p)","MUZZIK","BA","","Entertainment","MUZZIK.rs","exact","1","https://i.imgur.com/9dz8MsD.png","id","","",""
"138","Muzzik FLASHBACK (720p)","FLASHBACK","BA","","Entertainment","FLASHBACK.rs","exact","1","https://i.imgur.com/9dz8MsD.png","id","","",""
"139","Muzzik MOBA (720p)","MOBA","BA","","Entertainment","MOBA.rs","exact","1","https://i.imgur.com/9dz8MsD.png","id","","",""
"140","Muzzik POP STAR (720p)","POP STAR","BA","","Entertainment","POPSTAR.rs","exact","1","https://i.imgur.com/E9ha9Or.png","id","","",""
"141","Muzzik Rock&Roll (720p)","Rock&Roll","BA","","Entertainment","RockRoll.rs","exact","1","https://i.imgur.com/sy1BDNK.png","id","","",""
"142","Muzzik SENSE (720p)","SENSE","BA","","Entertainment","SENSE.rs","exact","1","https://i.imgur.com/9dz8MsD.png","id","","",""
"143","Muzzik TIKTAK (720p)","TIKTAK","BA","","Entertainment","TIKTAK.rs","exact","1","https://i.imgur.com/9dz8MsD.png","id","","",""
"144","Muzzik ZZ TV (720p)","Muzzik ZZ TV (720p)","BA","","Entertainment","","","","","","","no-match",""
"90","Mythbusters (1080p)","Mythbusters","AU","","Entertainment","Mythbusters.us","exact","1","https://i.imgur.com/wzzjvcH.png","id","i.mjh.nz plex.tv pluto.tv xumo.tv","",""
"91","Nosey (1080p)","Nosey (1080p)","AU","","Entertainment","","","","https://upload.wikimedia.org/wikipedia/en/thumb/8/8c/True_Crime_Network_logo.svg/960px-True_Crime_Network_logo.svg.png","name","","ambiguous",""
"92","Nosey (1080p)","Nosey (1080p)","AU","","Entertainment","","","","https://upload.wikimedia.org/wikipedia/en/thumb/8/8c/True_Crime_Network_logo.svg/960px-True_Crime_Network_logo.svg.png","name","","ambiguous",""
"147","Nova TV (1080p)","Nova TV","BA","","Entertainment","NovaTV.ba","exact","1","https://i.imgur.com/wTZxn8F.png","id","tv.blue.ch tvprofil.com","",""
"93","Now 70s (720p)","Now 70s","AU","","Entertainment","Now70s.uk","exact","1","https://i.imgur.com/qiCCX5X.png","id","mytelly.co.uk sky.com teleboy.ch tv.blue.ch virgintvgo.virginmedia.com","",""
"94","Now 80s (1080p)","Now 80s","AU","","Entertainment","Now80s.uk","exact","1","https://i.imgur.com/YyPnMeB.png","id","mytelly.co.uk sky.com teleboy.ch tv.blue.ch virgintvgo.virginmedia.com","",""
"95","Now Rock (720p)","NOW Rock","AU","","Entertainment","NOWRock.uk","exact","1","https://i.imgur.com/GuM4GnX.png","id","epg.iptvx.one i.mjh.nz mytelly.co.uk pluto.tv sky.com teleboy.ch tv.blue.ch virgintvgo.virginmedia.com","",""
"146","NTV IC Kakanj (720p)","NTV IC Kakanj","BA","","Entertainment","NTVICKakanj.ba","exact","1","https://i.imgur.com/EtaHm2P.png","id","neo.io tv2go.t-2.net","",""
"96","Outdoor Channel (1080p)","Outdoor Channel","AU","","Entertainment","OutdoorChannel.us","exact","1","https://i.imgur.com/Kh4MWaY.png","id","m.tv.sms.cz mncvision.id singtel.com tv.mail.ru tvguide.com tvpassport.com tvtv.us visionplus.id","",""
"100","People Are Awesome (720p)","People Are Awesome","AU","","Entertainment","PeopleAreAwesome.us","exact","1","https://i.imgur.com/MsIx7Ax.png","id","i.mjh.nz plex.tv watch.whaletvplus.com","",""
"101","Pet Club TV (1080p)","Pet Club TV","AU","","Entertainment","PetClubTV.hk","exact","1","https://i.imgur.com/ykPNNwQ.png","id","","",""
"102","Pointless (1080p) [Geo-blocked]","Pointless (1080p) [Geo Blocked]","AU","","Entertainment","","","","","","","no-match",""
"103","Pop (1080p) [Geo-blocked]","Pop (1080p) [Geo Blocked]","AU","","Entertainment","","","","https://i.imgur.com/STbfHwE.png","name","","ambiguous",""
"104","PowerNation (1080p)","PowerNation TV","AU","","Entertainment","PowerNationTV.us","exact","1","https://i.imgur.com/jguTO8E.png","id","i.mjh.nz plex.tv pluto.tv xumo.tv","",""
"105","Pulse (1080p)","Pulse","AU","","Entertainment","Pulse.za","exact","1","https://i.imgur.com/J9VRDDR.png","id","","",""
"106","Qwest TV Jazz & Beyond (1080p)","Qwest TV Jazz & Beyond","AU","","Entertainment","QwestTVJazzBeyond.fr","exact","1","https://i.imgur.com/89yWH5L.png","id","","",""
"108","Racer Network (1080p)","Racer Network","AU","","Entertainment","RacerNetwork.us","exact","1","https://upload.wikimedia.org/wikipedia/en/7/74/Racer_Network.jpg","id","","",""
"107","RCM (1080p)","RCM TV","AU","","Entertainment","RCMTV.co","exact","1","https://i.imgur.com/irOotYz.png","id","","",""
"109","Real Crime (1080p)","Real Crime (1080p)","AU","","Entertainment","","","","","","","no-match",""
"110","Real Wild (1080p)","Real Wild","AU","","Entertainment","RealWild.uk","exact","1","https://i.imgur.com/T9HHmAO.png","id","i.mjh.nz plex.tv","",""
"166","RTK 1","RTK 1","XK","","Entertainment","RTK1.xk","exact","1","https://i.imgur.com/KTcWcO6.png","id","ipko.tv neo.io tv2go.t-2.net tvprofil.com","",""
"167","RTK 1","RTK 1","XK","","Entertainment","RTK1.xk","exact","1","https://i.imgur.com/KTcWcO6.png","id","ipko.tv neo.io tv2go.t-2.net tvprofil.com","",""
"168","RTK 1","RTK 1","XK","","Entertainment","RTK1.xk","exact","1","https://i.imgur.com/KTcWcO6.png","id","ipko.tv neo.io tv2go.t-2.net tvprofil.com","",""
"169","RTK 1 (1080i)","RTK 1","XK","","Entertainment","RTK1.xk","exact","1","https://i.imgur.com/KTcWcO6.png","id","ipko.tv neo.io tv2go.t-2.net tvprofil.com","",""
"170","RTK 1 (1080p)","RTK 1","XK","","Entertainment","RTK1.xk","exact","1","https://i.imgur.com/KTcWcO6.png","id","ipko.tv neo.io tv2go.t-2.net tvprofil.com","",""
"171","RTK 2","RTK 2","XK","","Entertainment","RTK2.xk","exact","1","https://i.imgur.com/g6k6xyO.png","id","ipko.tv tvprofil.com","",""
"172","RTK 2 (1080i)","RTK 2","XK","","Entertainment","RTK2.xk","exact","1","https://i.imgur.com/g6k6xyO.png","id","ipko.tv tvprofil.com","",""
"173","RTK 2 (1080p)","RTK 2","XK","","Entertainment","RTK2.xk","exact","1","https://i.imgur.com/g6k6xyO.png","id","ipko.tv tvprofil.com","",""
"174","RTK 3","RTK 3","XK","","Entertainment","RTK3.xk","exact","1","https://i.imgur.com/Ut9VcT3.png","id","ipko.tv","",""
"175","RTK 3 (1080i)","RTK 3","XK","","Entertainment","RTK3.xk","exact","1","https://i.imgur.com/Ut9VcT3.png","id","ipko.tv","",""
"176","RTK 3 (1080p)","RTK 3","XK","","Entertainment","RTK3.xk","exact","1","https://i.imgur.com/Ut9VcT3.png","id","ipko.tv","",""
"177","RTK 4 (1080p)","RTK 4","XK","","Entertainment","RTK4.xk","exact","1","https://i.imgur.com/Urm4XDR.png","id","ipko.tv","",""
"19","RTL (1080p)","RTL","HR","","Entertainment","RTL.hr","exact","1","https://i.imgur.com/akAa45j.png","id","m.tv.sms.cz neo.io nostv.pt tv2go.t-2.net","",""
"20","RTL 2 (1080p)","RTL 2","HR","","Entertainment","RTL2.hr","exact","1","https://upload.wikimedia.org/wikipedia/commons/thumb/8/8c/RTL_2_Logo.svg/960px-RTL_2_Logo.svg.png","id","m.tv.sms.cz neo.io tv2go.t-2.net","",""
"178","RTV Besa (1080p)","RTV Besa","XK","","Entertainment","RTVBesa.xk","exact","1","https://i.imgur.com/Qi3mz4Q.png","id","ipko.tv","",""
"179","RTV Dukagjini (1080i)","RTV Dukagjini","XK","","Entertainment","RTVDukagjini.xk","exact","1","https://i.imgur.com/AIOLG8v.png","id","ipko.tv tv.blue.ch tvim.tv","",""
"180","RTV Fontana (1080p)","RTV Fontana","XK","","Entertainment","RTVFontana.xk","exact","1","https://i.imgur.com/cRnz7sw.jpeg","id","","",""
"150","RTV Zenica (720p)","RTV Zenica","BA","","Entertainment","RTVZenica.ba","exact","1","https://i.imgur.com/TKUaflB.png","id","","",""
"181","RTV21","RTV21","XK","","Entertainment","RTV21.xk","exact","1","https://i.imgur.com/AqQltGh.png","id","ipko.tv tv.blue.ch tvim.tv tvprofil.com","",""
"182","RTV21 (1080p)","RTV21","XK","","Entertainment","RTV21.xk","exact","1","https://i.imgur.com/AqQltGh.png","id","ipko.tv tv.blue.ch tvim.tv tvprofil.com","",""
"151","Sevdah TV (288p)","Sevdah TV","BA","","Entertainment","SevdahTV.ba","exact","1","https://sevdah.tv/wp-content/uploads/2020/08/cropped-sevdha-tv-profil.png","id","","",""
"113","Sky Racing 1 (720p) [Geo-blocked]","Sky Racing 1","AU","","Entertainment","SkyRacing1.au","exact","1","https://i.imgur.com/Hf0EiaW.png","id","i.mjh.nz","",""
"114","Sky Racing 2 (720p) [Geo-blocked]","Sky Racing 2","AU","","Entertainment","SkyRacing2.au","exact","1","https://i.imgur.com/TxQvFnQ.png","id","foxtel.com.au i.mjh.nz","",""
"115","Sky Thoroughbred Central (720p) [Geo-blocked]","Sky Thoroughbred Central","AU","","Entertainment","SkyThoroughbredCentral.au","exact","1","https://i.imgur.com/1SxIsnw.png","id","i.mjh.nz","",""
"183","Syri Vision (1080p)","Syri Vision","XK","","Entertainment","SyriVision.xk","exact","1","https://www.syri-vision.tv/wp-content/uploads/2021/01/TVSYRI_WEB_MAIN.png","id","ipko.tv","",""
"184","T7","T7","XK","","Entertainment","T7.xk","exact","1","https://i.imgur.com/b7FvSJj.png","id","ipko.tv tv.blue.ch tvim.tv","",""
"185","T7 (1080p)","T7","XK","","Entertainment","T7.xk","exact","1","https://i.imgur.com/b7FvSJj.png","id","ipko.tv tv.blue.ch tvim.tv","",""
"154","Televizija M (1080p)","Televizija M","BA","","Entertainment","TelevizijaM.ba","exact","1","https://i.imgur.com/jT95ZEI.png","id","","",""
"117","The Design Network (1080p) [Geo-blocked]","The Design Network","AU","","Entertainment","TheDesignNetwork.us","exact","1","https://i.imgur.com/J5YJ3r3.png","id","i.mjh.nz plex.tv xumo.tv","",""
"118","The Hotel Inspector (1080p)","The Hotel Inspector (1080p)","AU","","Entertainment","","","","","","","no-match",""
"119","The Pet Collective International (720p)","The Pet Collective International (720p)","AU","","Entertainment","","","","https://i.imgur.com/yH7n2dF.png","given","","no-match",""
"120","The Wicked Tuna Channel (1080p)","The Wicked Tuna Channel (1080p)","AU","","Entertainment","","","","","","","no-match",""
"121","Timeline (720p)","Timeline","AU","","Entertainment","Timeline.uk","exact","1","https://i.imgur.com/PZRQvFv.png","id","","",""
"122","Travelxp (720p)","Travelxp","AU","","Entertainment","Travelxp.in","exact","1","https://ltsk-cdn.s3.eu-west-1.amazonaws.com/jumpstart/Temp_Live/cdn/HLS/Channel/transparentImages/Travelxp%20HD.png","id","airtelxstream.in dishtv.in m.tv.sms.cz meo.pt mujtvprogram.cz musor.tv mytelly.co.uk programtv.onet.pl sky.com starhubtvplus.com tataplay.com tv.blue.ch tv2go.t-2.net tvireland.ie tvprofil.com watch.whaletvplus.com","",""
"123","True Crime Now (1080p)","True Crime Now","AU","","Entertainment","TrueCrimeNow.us","exact","1","https://i.imgur.com/Y6Hix17.png","id","i.mjh.nz plex.tv","",""
"186","TV Arbëria 1 (720p)","TV Arberia 1","XK","","Entertainment","TVArberia1.xk","exact","1","https://i.imgur.com/zLRzyVS.png","id","","",""
"187","TV Arbëria 2 (720p)","TV Arberia 2","XK","","Entertainment","TVArberia2.xk","exact","1","https://i.imgur.com/zLRzyVS.png","id","","",""
"188","TV Arbëria 3 Fëmijë (720p)","TV Arberia 3 Femije","XK","","Entertainment","TVArberia3Femije.xk","exact","1","https://i.imgur.com/zLRzyVS.png","id","","",""
"189","TV Arbëria 4 Muzikë (720p)","TV Arberia 4 Muzike","XK","","Entertainment","TVArberia4Muzike.xk","exact","1","https://i.imgur.com/zLRzyVS.png","id","","",""
"190","TV Arbëria 5 (700p)","TV Arberia 5","XK","","Entertainment","TVArberia5.xk","exact","1","https://i.imgur.com/zLRzyVS.png","id","","",""
"191","TV Arbëria Arshi i Allahut (720p)","TV Arberia Arshi i Allahut","XK","","Entertainment","TVArberiaArshiiAllahut.xk","exact","1","https://i.imgur.com/zLRzyVS.png","id","","",""
"193","TV Arbëria Shpresa e Perëndisë (720p)","TV Arberia Shpresa e Perendise","XK","","Entertainment","TVArberiaShpresaePerendise.xk","exact","1","https://i.imgur.com/zLRzyVS.png","id","","",""
"194","TV Dielli (720p)","TV Dielli","XK","","Entertainment","TVDielli.xk","exact","1","https://i.imgur.com/kLl3ar5.png","id","","",""
"195","TV Llapi (1080i)","TV Llapi","XK","","Entertainment","TVLlapi.xk","exact","1","https://i.imgur.com/kbonOAv.jpeg","id","ipko.tv","",""
"196","TV Mitrovica (576i)","TV Mitrovica","XK","","Entertainment","TVMitrovica.xk","exact","1","https://i.imgur.com/NQ2hB8b.png","id","ipko.tv","",""
"24","TV Nova (720p)","Nova TV","HR","","Entertainment","NovaTV.hr","exact","1","https://upload.wikimedia.org/wikipedia/commons/thumb/4/4a/Nova_TV_Croatia_logo.png/960px-Nova_TV_Croatia_logo.png","id","m.tv.sms.cz tvprofil.com","",""
"197","TV Opoja (1080p)","TV Opoja","XK","","Entertainment","TVOpoja.xk","exact","1","https://i.imgur.com/hxi4Qiq.png","id","","",""
"198","TV Prizreni","TV Prizreni","XK","","Entertainment","TVPrizreni.xk","exact","1","https://i.imgur.com/hvtJwOO.png","id","","",""
"199","TV Prizreni (1080i)","TV Prizreni","XK","","Entertainment","TVPrizreni.xk","exact","1","https://i.imgur.com/hvtJwOO.png","id","","",""
"200","TV Prizreni (1080p)","TV Prizreni","XK","","Entertainment","TVPrizreni.xk","exact","1","https://i.imgur.com/hvtJwOO.png","id","","",""
"124","Undercover Boss (720p)","Undercover Boss (720p)","AU","","Entertainment","","","","","","","no-match",""
"125","Vevo 2K (1080p)","Vevo 2K","AU","","Entertainment","Vevo2K.us","exact","1","https://images.pluto.tv/channels/5fd7bca3e0a4ee0007a38e8c/featuredImage.jpg","id","i.mjh.nz pluto.tv","",""
"126","Vevo 70s (1080p)","Vevo '70s","AU","","Entertainment","Vevo70s.us","exact","1","https://images.pluto.tv/channels/5f32f26bcd8aea00071240e5/featuredImage.jpg","id","i.mjh.nz pluto.tv","",""
"155","Worldwide Muzzik (720p)","WORLD WIDE MUZZIK","BA","","Entertainment","WORLDWIDEMUZZIK.rs","exact","1","https://i.imgur.com/tEzppGC.png","id","","",""
